{"years":[2012,2013,2014,2015,2016,2017,2018,2019,2020,2021,2022,2023],"all_years":[2012,2013,2014,2015,2016,2017,2018,2019,2020,2021,2022,2023,2024,2025,2026,2027,2028,2029,2030],"economic":{"real_value_added":[74773.0,81343.0,83765.0,90879.0,95154.0,95734.0,96788.0,101708.0,98863.0,95405.0,101063.0,103131.0],"nominal_value_added":[86723.0,90928.0,90081.0,94575.0,95558.0,95734.0,96791.0,103499.0,101670.0,104995.0,115097.0,123475.0],"real_gross_output":[133452.0,138716.0,142425.0,151425.0,156117.0,158839.0,161805.0,166858.0,161437.0,160521.0,172490.0,173572.0],"nominal_gross_output":[144575.0,147523.0,148349.0,154343.0,155575.0,158839.0,163131.0,170712.0,166528.0,175500.0,197043.0,204884.0]},"labor":{"employment":[136.0,137.0,133.0,131.0,128.0,118.0,116.0,123.0,112.0,111.0,104.0,109.0],"compensation":[122.0,100.0,170.0,212.0,214.0,322.0,209.0,651.0,541.0,338.0,457.0,508.0]},"arima":{"realgrossoutput":[133452.0,138716.0,142425.0,151425.0,156117.0,158839.0,161805.0,166858.0,161437.0,160521.0,172490.0,173572.0,175523.89702174778,177297.436244802,178908.91540618482,180373.14301040946,181703.5744105485,182912.43545467095,184010.83483388292],"employment":[136.0,137.0,133.0,131.0,128.0,118.0,116.0,123.0,112.0,111.0,104.0,109.0,109.0,109.0,109.0,109.0,109.0,109.0,109.0],"compensation":[122.0,100.0,170.0,212.0,214.0,322.0,209.0,651.0,541.0,338.0,457.0,508.0,477.96829826593154,477.96829826593154,477.96829826593154,477.96829826593154,477.96829826593154,477.96829826593154,477.96829826593154],"realvalueadded":[74773.0,81343.0,83765.0,90879.0,95154.0,95734.0,96788.0,101708.0,98863.0,95405.0,101063.0,103131.0,102534.00470322237,101972.90663083325,101445.54728891191,100949.89797340536,100484.05196588597,100046.21719857681,99634.70936042776]},"gbm":{"nominalgrossoutput":[144575.0,147523.0,148349.0,154343.0,155575.0,158839.0,163131.0,170712.0,166528.0,175500.0,197043.0,204884.0,211371.38060521282,217713.08337877848,224724.55505675072,232966.64862014123,238377.36734935024,246493.69308933197,254123.8782986934],"nominalvalueadded":[86723.0,90928.0,90081.0,94575.0,95558.0,95734.0,96791.0,103499.0,101670.0,104995.0,115097.0,123475.0,127437.18891484987,131312.42655250427,135598.0194302558,140636.73241504247,143949.36371004814,148915.73727642844,153587.53818304965],"compensation":[122.0,100.0,170.0,212.0,214.0,322.0,209.0,651.0,541.0,338.0,457.0,508.0,519.1371238482309,519.3400573410158,534.4206264172711,582.2641752855769,533.8260579865948,562.4317665132908,569.5628631856268]}}