{
  "years": [
    2012,
    2013,
    2014,
    2015,
    2016,
    2017,
    2018,
    2019,
    2020,
    2021,
    2022,
    2023
  ],
  "data": {
    "economic_output": {
      "real_value_added": [
        74773.0,
        81343.0,
        83765.0,
        90879.0,
        95154.0,
        95734.0,
        96788.0,
        101708.0,
        98863.0,
        95405.0,
        101063.0,
        103131.0
      ],
      "nominal_value_added": [
        86723.0,
        90928.0,
        90081.0,
        94575.0,
        95558.0,
        95734.0,
        96791.0,
        103499.0,
        101670.0,
        104995.0,
        115097.0,
        123475.0
      ],
      "real_gross_output": [
        133452.0,
        138716.0,
        142425.0,
        151425.0,
        156117.0,
        158839.0,
        161805.0,
        166858.0,
        161437.0,
        160521.0,
        172490.0,
        173572.0
      ],
      "nominal_gross_output": [
        144575.0,
        147523.0,
        148349.0,
        154343.0,
        155575.0,
        158839.0,
        163131.0,
        170712.0,
        166528.0,
        175500.0,
        197043.0,
        204884.0
      ]
    },
    "labor_market": {
      "employment": [
        136.0,
        137.0,
        133.0,
        131.0,
        128.0,
        118.0,
        116.0,
        123.0,
        112.0,
        111.0,
        104.0,
        109.0
      ],
      "compensation": [
        122.0,
        100.0,
        170.0,
        212.0,
        214.0,
        322.0,
        209.0,
        651.0,
        541.0,
        338.0,
        457.0,
        508.0
      ]
    },
    "price_indices": {
      "value_added_price": [
        115.984,
        111.786,
        107.543,
        104.07,
        100.427,
        100.0,
        100.003,
        101.761,
        102.839,
        110.052,
        113.887,
        119.726
      ],
      "gross_output_price": [
        108.335,
        106.349,
        104.159,
        101.927,
        99.652,
        100.0,
        100.82,
        102.31,
        103.154,
        109.332,
        114.234,
        118.04
      ]
    }
  },
  "growth_rates": {},
  "growth_years": [
    2013,
    2014,
    2015,
    2016,
    2017,
    2018,
    2019,
    2020,
    2021,
    2022,
    2023
  ],
  "productivity": {
    "labor_productivity": [
      981.2647058823529,
      1012.5255474452555,
      1070.8646616541353,
      1155.9160305343512,
      1219.6640625,
      1346.093220338983,
      1394.8706896551723,
      1356.5691056910568,
      1441.4017857142858,
      1446.1351351351352,
      1658.5576923076924,
      1592.4036697247707
    ],
    "avg_growth": 0.04630054173492504,
    "volatility": 0.05477608790507136,
    "labor_cost_ratio": [
      0.000914186374127027,
      0.0007208973730499726,
      0.0011936106722836581,
      0.0014000330196466898,
      0.0013707667966973488,
      0.0020272099421426728,
      0.0012916782546892865,
      0.003901521053830203,
      0.0033511524619511015,
      0.0021056434983584703,
      0.002649428952403038,
      0.0029267393358375776
    ],
    "avg_cost_ratio": 0.001987738977918087,
    "avg_compensation": [
      0.8970588235294118,
      0.7299270072992701,
      1.2781954887218046,
      1.618320610687023,
      1.671875,
      2.7288135593220337,
      1.8017241379310345,
      5.2926829268292686,
      4.830357142857143,
      3.045045045045045,
      4.394230769230769,
      4.660550458715596
    ]
  },
  "metadata": {
    "title": "U.S. Space Economy Analysis (2012-2023)",
    "total_years": 12,
    "variables": [
      "RealValueAdded",
      "NominalValueAdded",
      "ValueAddedPriceIndex",
      "RealGrossOutput",
      "NominalGrossOutput",
      "GrossOutputPriceIndex",
      "Employment",
      "Compensation"
    ],
    "units": {
      "economic_output": "Millions of USD",
      "employment": "Thousands of workers",
      "compensation": "Millions of USD",
      "price_indices": "Index (base year = 100)",
      "growth_rates": "Percentage change",
      "productivity": "Various units"
    }
  },
  "forecasts": {
    "arima": {
      "realgrossoutput": {
        "data": [
          133452.0,
          138716.0,
          142425.0,
          151425.0,
          156117.0,
          158839.0,
          161805.0,
          166858.0,
          161437.0,
          160521.0,
          172490.0,
          173572.0,
          175523.89702174778,
          177297.436244802,
          178908.91540618482,
          180373.14301040946,
          181703.5744105485,
          182912.43545467095,
          184010.83483388292
        ],
        "confidence_lower": [
          133452.0,
          138716.0,
          142425.0,
          151425.0,
          156117.0,
          158839.0,
          161805.0,
          166858.0,
          161437.0,
          160521.0,
          172490.0,
          173572.0,
          null,
          null,
          null,
          null,
          null,
          null,
          null,
          null,
          null,
          null,
          null,
          null,
          164675.858711568,
          161675.58580039282,
          159452.59593057705,
          157555.06487307022,
          155821.73655594225,
          154178.1596270514,
          152585.547249457
        ],
        "confidence_upper": [
          133452.0,
          138716.0,
          142425.0,
          151425.0,
          156117.0,
          158839.0,
          161805.0,
          166858.0,
          161437.0,
          160521.0,
          172490.0,
          173572.0,
          null,
          null,
          null,
          null,
          null,
          null,
          null,
          null,
          null,
          null,
          null,
          null,
          186371.93533192755,
          192919.28668921118,
          198365.2348817926,
          203191.2211477487,
          207585.41226515474,
          211646.7112822905,
          215436.12241830883
        ],
        "historical_end_index": 11
      },
      "employment": {
        "data": [
          136.0,
          137.0,
          133.0,
          131.0,
          128.0,
          118.0,
          116.0,
          123.0,
          112.0,
          111.0,
          104.0,
          109.0,
          109.0,
          109.0,
          109.0,
          109.0,
          109.0,
          109.0,
          109.0
        ],
        "confidence_lower": [
          136.0,
          137.0,
          133.0,
          131.0,
          128.0,
          118.0,
          116.0,
          123.0,
          112.0,
          111.0,
          104.0,
          109.0,
          null,
          null,
          null,
          null,
          null,
          null,
          null,
          null,
          null,
          null,
          null,
          null,
          97.49541597367211,
          92.73006124050266,
          89.07347594644895,
          85.99083194733666,
          83.27496806426359,
          80.81963943251236,
          78.56173172907882
        ],
        "confidence_upper": [
          136.0,
          137.0,
          133.0,
          131.0,
          128.0,
          118.0,
          116.0,
          123.0,
          112.0,
          111.0,
          104.0,
          109.0,
          null,
          null,
          null,
          null,
          null,
          null,
          null,
          null,
          null,
          null,
          null,
          null,
          120.50458402632789,
          125.26993875949734,
          128.92652405355105,
          132.00916805266334,
          134.7250319357364,
          137.18036056748764,
          139.43826827092118
        ],
        "historical_end_index": 11
      },